<?xml version='1.0' encoding="UTF-8"?>
<!DOCTYPE hibernate-mapping PUBLIC
        "-//Hibernate/HibernateMappingDTD5.3//EN"
        "http://www.hibernate.org/dtd/hibernate-mapping-3.0.dtd">
<hibernate-mapping>
    <class name="hibernate.Alumno" table="Alumnos" catalog="M06">
        <id name="id">
            <column name="alumno_id"/>
            <generator class="assigned"></generator>
        </id>
        <property name="nombre"></property>
        <property name="nacionalidad"></property>
        <property name="edad"></property>
        <array name="modulos"
               table="Modulos"
               cascade="persist">
            <key column="modulo_id"/>
            <list-index column="sortOrder"/>
            <one-to-many class="Modulo"/>
        </array>
        <property name="modulos"></property>
        <property name="sexo"></property>
    </class>
</hibernate-mapping>