<?xml version='1.0' encoding='UTF-8' ?>
<!DOCTYPE hibernate-configuration PUBLIC
        "-//Hibernate/HibernateConfigurationDTD//EN"
        "http://www.hibernate.org/dtd/hibernate-configuration-3.0.dtd">
<hibernate-configuration>
    <session-factory>
        <property name="hbm2ddl.auto">update</property>
        <property name="hibernate.dialect">org.hibernate.dialect.OracleDialect</property>
        <property name="connection.driver_class">oracle.jdbc.driver.OracleDriver</property>
        <property name="connection.url">jdbc:oracle://localhost:1521/xe</property>
        <property name="connection.username">Rafa</property>
        <property name="connection.password">root</property>
        <mapping resource="alumno.hbm.xml"/>
        <mapping resource="profesor.hbm.xml"/>
        <mapping resource="modulo.hbm.xml"/>
    </session-factory>
</hibernate-configuration>